movie_title,year
Two Weeks Notice ,2002.0
Exorcist: The Beginning ,2004.0
Deep Blue Sea ,1999.0
First Knight ,1995.0
This Is It ,2009.0
Two Brothers ,2004.0
Kangaroo Jack ,2003.0
Hall Pass ,2011.0
Coraline ,2009.0
Ice Age ,2002.0
Starsky & Hutch ,2004.0
The Santa Clause 2 ,2002.0
Jingle All the Way ,1996.0
Red Dawn ,1984.0
Up Close & Personal ,1996.0
Everest ,2015.0
The Tuxedo ,2002.0
GoldenEye ,1995.0
Under Siege 2: Dark Territory ,1995.0
Daddy Day Care ,2003.0
Jack Ryan: Shadow Recruit ,2014.0
Miami Vice             ,1984.0
Priest ,2011.0
The Boxtrolls ,2014.0
The Spanish Prisoner ,1997.0
Dragonfly ,2002.0
Practical Magic ,1998.0
Conan the Barbarian ,1982.0
The Last Castle ,2001.0
Miss Congeniality 2: Armed and Fabulous ,2005.0
The Core ,2003.0
Meet Dave ,2008.0
Dredd ,2012.0
Dark Water ,2023.0
The Sentinel ,1977.0
Creepshow ,2019.0
Holy Man ,1998.0
Intolerable Cruelty ,2003.0
Battlefield Earth ,2000.0
Just Like Heaven ,2005.0
The Relic ,1997.0
Oceans ,2004.0
The Flintstones in Viva Rock Vegas ,2000.0
Leatherheads ,2008.0
A Sound of Thunder ,2005.0
Top Cat Begins ,2015.0
Paddington ,2014.0
Did You Hear About the Morgans? ,2009.0
Unfaithful ,2002.0
Imagine That ,2009.0
13 Hours ,2016.0
The Internship ,2013.0
A Very Long Engagement ,2009.0
Silent Hill ,2006.0
Red Tails ,2012.0
Lolita ,1997.0
Into the Storm ,2014.0
Alvin and the Chipmunks ,2007.0
"You, Me and Dupree ",2006.0
The Peacemaker ,1997.0
The Nutty Professor ,1996.0
Superman II ,1980.0
On Deadly Ground ,1994.0
Casper ,1995.0
Gigli ,2003.0
Flightplan ,2005.0
Zero Dark Thirty ,2012.0
Raising Helen ,2004.0
The Dukes of Hazzard ,2005.0
Stargate SG-1             ,1997.0
Ninja Assassin ,2009.0
From Paris with Love ,2010.0
Hannibal Rising ,2007.0
Shanghai Noon ,2000.0
Bulletproof Monk ,2003.0
Basic ,1992.0
Executive Decision ,1996.0
"Me, Myself & Irene ",2000.0
Man of the House ,2005.0
Mr. Popper's Penguins ,2011.0
Barnyard ,2006.0
Mad City ,1997.0
Free Birds ,2013.0
Shrek ,2001.0
Evita ,1996.0
Baby's Day Out ,1994.0
As Good as It Gets ,1997.0
Beautiful Creatures ,2013.0
Payback ,1999.0
The Ghost and the Darkness ,1996.0
Street Fighter: The Legend of Chun-Li ,2009.0
Congo ,1995.0
The Adventures of Ford Fairlane ,1990.0
Shanghai Knights ,2003.0
The Tooth Fairy ,2006.0
Herbie Fully Loaded ,2005.0
Rat Race ,2001.0
Don't Say a Word ,2001.0
The Thomas Crown Affair ,1999.0
Solaris ,1972.0
Waitress ,2007.0
A Shine of Rainbows ,2009.0
The Shallows ,2016.0
Liar Liar ,1997.0
Agent Cody Banks ,2003.0
Bloodsport ,1988.0
Snow Day ,2000.0
The Infiltrator ,2016.0
Nothing to Lose ,1997.0
The Hit List ,2011.0
This Christmas ,2022.0
The Squid and the Whale ,2005.0
Inchon ,1981.0
Money Talks ,1997.0
Videodrome ,1983.0
The Flintstones ,1994.0
Baby Geniuses ,1999.0
There Will Be Blood ,2007.0
Kissing Jessica Stein ,2001.0
The Big Hit ,1998.0
Scary Movie 3 ,2003.0
L'auberge espagnole ,2002.0
The Wild Thornberrys Movie ,2002.0
Exotica ,1994.0
Harriet the Spy ,1996.0
Miss Congeniality ,2000.0
Winter in Wartime ,2008.0
Insidious ,2010.0
Rugrats Go Wild ,2003.0
Child's Play 2 ,1990.0
Scary Movie 2 ,2001.0
Repo Man ,1984.0
The Train ,2016.0
Undercover Brother ,2002.0
No Good Deed ,2014.0
The Muppets ,2011.0
Nine Queens ,2000.0
Jeepers Creepers II ,2017.0
Bend It Like Beckham ,2002.0
Ex Machina ,2014.0
Blade ,1998.0
The Ballad of Jack and Rose ,2005.0
Sunshine State ,2002.0
Being John Malkovich ,1999.0
Good Luck Chuck ,2007.0
The To Do List ,2013.0
Changing Lanes ,2002.0
Two Can Play That Game ,2001.0
Crossover ,2006.0
Unsullied ,2014.0
Coyote Ugly ,2000.0
Earth to Echo ,2014.0
Mr. Bean's Holiday ,2007.0
[Rec] 2 ,2009.0
Session 9 ,2001.0
Tin Cup ,1996.0
Woo ,2022.0
Anacondas: The Hunt for the Blood Orchid ,2004.0
The Sting ,1973.0
Hatchet ,2006.0
Fat Albert ,2004.0
Elizabeth ,
Room ,2015.0
Chariots of Fire ,1981.0
Modern Times ,1936.0
Last Holiday ,2006.0
Bride of Chucky ,1998.0
Serial Mom ,1994.0
Diary of a Mad Black Woman ,2005.0
Stolen Summer ,2002.0
The Indian in the Cupboard ,1995.0
Birthday Girl ,2023.0
Shine ,1996.0
Tora! Tora! Tora! ,1970.0
My Name Is Bruce ,2007.0
Savages ,2012.0
21 & Over ,2013.0
Spice World ,1997.0
The Chorus ,2004.0
The Salon ,2005.0
Cellular ,2004.0
Resurrecting the Champ ,2007.0
Dance Flick ,2009.0
Mambo Italiano ,2003.0
Road Hard ,2015.0
Johnny English ,2003.0
Faithful ,1996.0
Crocodile Dundee in Los Angeles ,2001.0
Wonderland ,2010.0
Forty Shades of Blue ,2005.0
Aliens in the Attic ,2009.0
Excessive Force ,1993.0
A Lot Like Love ,2005.0
The Pledge ,2001.0
Do the Right Thing ,1989.0
Amigo ,
Attack the Block ,2011.0
Half Past Dead ,2002.0
The Phantom ,2004.0
R100 ,2013.0
Pontypool ,2008.0
The Call ,2012.0
Unaccompanied Minors ,2006.0
Love in the Time of Cholera ,2007.0
Salvation Boulevard ,2011.0
The Crocodile Hunter: Collision Course ,2002.0
Me You and Five Bucks ,2016.0
"Bright Lights, Big City ",1988.0
Shadow Conspiracy ,1997.0
Headhunters ,2011.0
I Love You Phillip Morris ,2009.0
The Adventures of Pinocchio ,1996.0
The Lords of Salem ,2012.0
Johnny English Reborn ,2011.0
Quest for Fire ,1981.0
Grabbers ,2012.0
Housebound ,2014.0
The Box ,2009.0
Argo ,2012.0
The Killer Inside Me ,2010.0
Saint Ralph ,2004.0
Fetching Cody ,2005.0
The Ruins ,2008.0
Pinocchio ,2022.0
Miss Julie ,2014.0
Cat People ,1982.0
Once Upon a Time in Queens ,2021.0
The Next Best Thing ,2000.0
Underworld: Evolution ,2006.0
Somewhere in Time ,1980.0
Sorority Row ,2009.0
Closer to the Moon ,2014.0
My Soul to Take ,2010.0
Insidious: Chapter 2 ,2013.0
The Boy in the Striped Pajamas ,2008.0
The Sweetest Thing ,2002.0
Mutant World ,2014.0
Saw II ,2005.0
Oscar and Lucinda ,1997.0
#Horror ,2011.0
The Girl Next Door ,2004.0
Charlie St. Cloud ,2010.0
Jackass: The Movie ,2002.0
The Funeral ,1996.0
Chicken Run ,2000.0
Maximum Risk ,1996.0
Wind Walkers ,2015.0
Paranormal Activity 3 ,2011.0
Solitary Man ,2009.0
Boomerang ,1992.0
Ouija ,2014.0
Stealing Harvard ,2002.0
Snow White and the Seven Dwarfs ,1937.0
The Land Before Time ,1988.0
A Nightmare on Elm Street 3: Dream Warriors ,1987.0
Shark Night 3D ,2011.0
The Holy Girl ,2004.0
Tae Guk Gi: The Brotherhood of War ,2004.0
The Heat ,2013.0
The Gift ,2015.0
Shalako ,1968.0
The Perfect Game ,2009.0
Instructions Not Included ,2013.0
The Mothman Prophecies ,2002.0
Angela's Ashes ,1999.0
The Golden Child ,1986.0
Incident at Loch Ness ,2004.0
Paranormal Activity 4 ,2012.0
Lifeforce ,1985.0
Think Like a Man ,2012.0
Brüno ,
The Robe ,1953.0
The 33 ,2015.0
The Dog Lover ,2016.0
Barbershop ,2002.0
Licence to Kill ,1989.0
"20,000 Leagues Under the Sea ",1954.0
Girl House ,2014.0
Big Trouble in Little China ,1986.0
Ace Ventura: Pet Detective ,1994.0
One for the Money ,2012.0
Paranormal Activity: The Marked Ones ,2014.0
House at the End of the Drive ,2014.0
Act of Valor ,2012.0
A Perfect Plan ,2012.0
The Warrior's Way ,2010.0
Oculus ,2013.0
Batman: The Movie ,2017.0
Harold & Kumar Escape from Guantanamo Bay ,2008.0
Clerks II ,2006.0
Micmacs ,2009.0
Brokedown Palace ,1999.0
The Ballad of Gregorio Cortez ,2018.0
Chronicle ,2012.0
8 Mile ,2002.0
The Possession ,2012.0
Yentl ,1983.0
Billy Elliot ,2000.0
The Celebration ,1998.0
The Medallion ,2003.0
Time Bandits ,1981.0
House Party 2 ,1991.0
Stone Cold ,2005.0
Man on a Ledge ,2012.0
Journey from the Fall ,2006.0
Crossroads ,2002.0
Sheena ,1984.0
The Big Year ,2011.0
Eddie: The Sleepwalking Cannibal ,2012.0
The Man from Snowy River ,1982.0
The Karate Kid ,1984.0
Underclassman ,2005.0
Space: Above and Beyond             ,1995.0
Project X ,2012.0
Mommie Dearest ,1981.0
Back to the Future Part II ,1989.0
Say It Isn't So ,2001.0
Queen of the Mountains ,
Johnson Family Vacation ,2004.0
The Players Club ,1998.0
Fifty Shades of Grey ,2015.0
Snakes on a Plane ,2006.0
How High ,2001.0
Def-Con 4 ,1985.0
The Conjuring 2 ,2016.0
King's Ransom ,2005.0
Neal 'N' Nikki ,2005.0
"As Above, So Below ",2014.0
The Muppet Christmas Carol ,1992.0
He's Just Not That Into You ,2009.0
Addicted ,2014.0
Blindness ,2008.0
The 41-Year-Old Virgin Who Knocked Up Sarah Marshall and Felt Superbad About It ,2010.0
Katy Perry: Part of Me ,2012.0
Scream 3 ,2000.0
The Egyptian ,1954.0
Me and Orson Welles ,2008.0
Friday the 13th Part 2 ,1981.0
Back to the Future Part III ,1990.0
Prophecy ,1979.0
Friday the 13th Part VIII: Jason Takes Manhattan ,1989.0
Little White Lies ,2010.0
The Lost Weekend ,1945.0
Stir of Echoes ,1999.0
My Big Fat Greek Wedding ,2023.0
The Last of the Mohicans ,1992.0
Love Ranch ,2010.0
C.H.U.D. ,1984.0
Philomena ,2013.0
Halloween: The Curse of Michael Myers ,1995.0
Shallow Hal ,2001.0
The Lion of Judah ,2011.0
The True Story of Puss'N Boots ,2015.0
The Upside of Anger ,2005.0
Y Tu Mamá También ,2001.0
Space Dogs ,2021.0
Niagara ,1953.0
The Other Woman ,2014.0
The Boys from Brazil ,1978.0
The Haunting of Molly Hartley ,2008.0
Ironclad ,2011.0
Behind Enemy Lines ,2001.0
Halloween 4: The Return of Michael Myers ,1988.0
"Sex, Lies, and Videotape ",1989.0
Aquamarine ,2006.0
Waterloo ,1970.0
Shall We Dance ,2004.0
April Fool's Day ,1986.0
Paper Towns ,2015.0
Super Troopers ,2001.0
Kung Fu Killer ,2014.0
Apocalypto ,2006.0
Diner ,1982.0
The Amazing Catfish ,2013.0
Tales from the Crypt: Demon Knight ,1995.0
Scream 2 ,1997.0
The Living Daylights ,1987.0
Lone Wolf McQuade ,1983.0
Monsoon Wedding ,2001.0
Max Keeble's Big Move ,2001.0
Think Like a Man Too ,2014.0
Legal Eagles ,1986.0
Apollo 18 ,2011.0
But I'm a Cheerleader ,1999.0
Living Out Loud ,1998.0
Footloose ,1984.0
Sunshine Cleaning ,2008.0
The Skeleton Key ,2005.0
Home Run ,2013.0
No Escape ,2015.0
The Postman Always Rings Twice ,1946.0
Zack and Miri Make a Porno ,2008.0
Made of Honor ,2008.0
The Second Mother ,2015.0
Solomon and Sheba ,1959.0
Sorority Boys ,2002.0
Double Take ,2001.0
Medicine Man ,1992.0
Blue Like Jazz ,2012.0
Fifty Shades of Black ,2016.0
Muppets from Space ,1999.0
A Farewell to Arms ,1932.0
Arbitrage ,2012.0
Aliens vs. Predator: Requiem ,2007.0
Down and Out with the Dolls ,2001.0
Paul ,
The Perfect Match ,2016.0
Project Almanac ,2015.0
"Pink Ribbons, Inc. ",2011.0
The Wiz ,1978.0
Digimon: The Movie ,2000.0
The Guilt Trip ,2012.0
Cadillac Records ,2008.0
Ready to Rumble ,2000.0
Q ,
The Barbarian Invasions ,2003.0
The Doors ,1991.0
Screwed ,2000.0
Play It to the Bone ,1999.0
Robin and Marian ,1976.0
Sex Tape ,2014.0
The Knife of Don Juan ,2022.0
Fortress ,1992.0
The Forsaken ,2001.0
The Princess and the Cobbler ,1987.0
Hanging Up ,2000.0
For Your Consideration ,2006.0
UHF ,1989.0
The Charge of the Light Brigade ,1968.0
Final Destination ,2000.0
Slums of Beverly Hills ,1998.0
Final Destination 5 ,2011.0
From Justin to Kelly ,2003.0
Chasing Liberty ,2004.0
Below Zero ,2021.0
Once Upon a Time in the West ,2019.0
Girl 6 ,1996.0
Crowsnest ,2012.0
Mickey Blue Eyes ,1999.0
Sea Rex 3D: Journey to a Prehistoric World ,2010.0
The Crew ,2024.0
In the Cut ,2003.0
The Sweet Hereafter ,1997.0
Jaws: The Revenge ,1987.0
Fever Pitch ,2005.0
Airborne ,1993.0
Of Gods and Men ,2007.0
Two Lovers ,2008.0
Jekyll and Hyde... Together Again ,1982.0
The Longshots ,2008.0
Cotton Comes to Harlem ,1970.0
Zero Effect ,1998.0
Drillbit Taylor ,2008.0
Light Sleeper ,1992.0
Rabbit Hole ,2023.0
Ravenous ,1999.0
Green Room ,2015.0
The Oh in Ohio ,2006.0
Bleeding Hearts ,2012.0
The End of the Affair ,1999.0
Atlas Shrugged: Who Is John Galt? ,2014.0
The Shadow ,2023.0
The Dangerous Lives of Altar Boys ,2002.0
Bottle Rocket ,1996.0
Dead Man's Shoes ,2004.0
Harley Davidson and the Marlboro Man ,1991.0
2046 ,2004.0
Out of the Blue ,2022.0
Morning Glory ,2010.0
From a Whisper to a Scream ,2015.0
Coco Before Chanel ,2009.0
Married Life ,2007.0
Tycoon ,2016.0
Dracula: Pages from a Virgin's Diary ,2002.0
Get Rich or Die Tryin' ,2005.0
Chéri ,
Desert Blue ,1998.0
Duma ,2005.0
Faith Like Potatoes ,2006.0
The Out-of-Towners ,1999.0
Decoys ,2004.0
Vanity Fair ,2018.0
Ondine ,2009.0
Beyond the Black Rainbow ,2010.0
The Musketeer ,2001.0
The Visit ,2015.0
Bodyguards and Assassins ,2009.0
The Raid: Redemption ,2011.0
Brother ,2003.0
Redacted ,2007.0
The Reaping ,2007.0
1408 ,2007.0
The Dead Undead ,2010.0
Welcome to Collinwood ,2002.0
Fascination ,1979.0
Colombiana ,2011.0
Spaceballs ,1987.0
Critical Care ,1997.0
The Vatican Exorcisms ,2013.0
Area 51 ,2015.0
The Water Diviner ,2014.0
At First Sight ,2023.0
Lake Mungo ,2008.0
The Life Before Her Eyes ,2007.0
Sleep Tight ,2011.0
There's Something About Mary ,1998.0
Torque ,2004.0
Silent Running ,1972.0
The Cottage ,2008.0
Trade ,2007.0
The Santa Clause ,1994.0
Ishtar ,
Cypher ,2021.0
Dead Like Me: Life After Death ,2009.0
The Animal ,
The Sleepwalker ,2014.0
Memoirs of an Invisible Man ,1992.0
City of Life and Death ,2009.0
Rudderless ,2014.0
Tom Jones ,2023.0
The Net ,1995.0
New York Minute ,2004.0
Henry & Me ,2014.0
Space Battleship Yamato ,2010.0
Unfriended ,2014.0
I Am Sam ,2001.0
Alfie ,
5 Days of War ,2011.0
We Have Your Husband ,2011.0
The Howling ,1981.0
Underworld ,2003.0
Big Miracle ,2012.0
Triangle ,2009.0
Born of War ,2014.0
Dr. No ,1962.0
Derailed ,2005.0
Duplex ,2003.0
Capricorn One ,1977.0
10 Days in a Madhouse ,2015.0
Chernobyl Diaries ,2012.0
Deuce Bigalow: European Gigolo ,2005.0
Heaven Is for Real ,2014.0
Should've Been Romeo ,2012.0
Raise the Titanic ,1980.0
Hellraiser ,1987.0
Delivery Man ,2013.0
Dancin' It's On ,2015.0
Running Forever ,2004.0
Impostor ,2001.0
God's Not Dead 2 ,2016.0
Saving Silverman ,2001.0
The Awakening ,2011.0
Pet Sematary ,1989.0
Just Visiting ,2001.0
Cry_Wolf ,2005.0
Diary of a Wimpy Kid: Dog Days ,2012.0
Hostel ,2005.0
Madadayo ,1993.0
The Devil Inside ,2021.0
A Thousand Words ,2012.0
Summer of Sam ,1999.0
Tristram Shandy: A Cock and Bull Story ,2005.0
The Glass House ,2001.0
The Cry of the Owl ,2009.0
Take Shelter ,2011.0
Delgo ,2008.0
Beyond the Valley of the Dolls ,1970.0
The Gunman ,2015.0
The Little Vampire ,2000.0
A Tale of Three Cities ,2013.0
Love Me Tender ,1956.0
Lady in White ,1988.0
Disturbia ,2007.0
Gremlins ,1984.0
RoboCop 3 ,1993.0
Let's Kill Ward's Wife ,2014.0
Sands of Iwo Jima ,1949.0
The Hunting Party ,1971.0
High School Musical 3: Senior Year ,2008.0
The Texas Chainsaw Massacre 2 ,1986.0
The Transporter Refueled ,2015.0
The Green Inferno ,2013.0
The Hudsucker Proxy ,1994.0
My Cousin Vinny ,1992.0
Without Men ,2011.0
Joyeux Noel ,2005.0
Departure ,2019.0
Nomad: The Warrior ,2005.0
Drive Hard ,2014.0
All Hat ,2007.0
Mad Money ,2008.0
The Sessions ,2012.0
The Names of Love ,2010.0
A Monster in Paris ,2011.0
Major League ,1989.0
Frozen River ,2008.0
Molière ,2007.0
Treading Water ,2013.0
St. Trinian's ,2007.0
The Crow ,2024.0
20 Feet from Stardom ,2013.0
Police Academy ,1984.0
Michael Clayton ,2007.0
A Walk to Remember ,2002.0
Baahubali: The Beginning ,2015.0
The Blue Lagoon ,1980.0
Walking and Talking ,1996.0
Dead Man Walking ,1995.0
My Fellow Americans ,1996.0
Four Weddings and a Funeral ,1994.0
The Time Traveler's Wife ,2022.0
The Full Monty ,1997.0
Saw VI ,2009.0
Underdogs ,2013.0
Superman III ,1983.0
Who Killed the Electric Car? ,2006.0
Fast Times at Ridgemont High ,1982.0
History of the World: Part I ,1981.0
South Park: Bigger Longer & Uncut ,1999.0
Sweet Home Alabama ,2002.0
Requiem for a Dream ,2000.0
The Broken Hearts Club: A Romantic Comedy ,2000.0
Teenage Mutant Ninja Turtles III ,1993.0
The Secret Life of Bees ,2008.0
Salvador ,1986.0
Bubba Ho-Tep ,2002.0
The Rage: Carrie 2 ,1999.0
Corky Romano ,2001.0
Moms' Night Out ,2014.0
Raising Cain ,1992.0
The Bachelor             ,2002.0
Character ,1997.0
Sgt. Bilko ,1996.0
Slam ,1993.0
Invaders from Mars ,1986.0
Away We Go ,2009.0
Spun ,2002.0
Brigham City ,2001.0
Star Trek: Generations ,1994.0
Brooklyn ,2013.0
Exiled ,2006.0
Swing Vote ,2008.0
Orgazmo ,1997.0
Out Cold ,2001.0
The Grandmaster ,2013.0
Silent Movie ,2016.0
Molly ,
Dream with the Fishes ,1997.0
Dragon Nest: Warriors' Dawn ,2014.0
Quartet ,2012.0
Airlift ,2016.0
The Best Little Whorehouse in Texas ,1982.0
Blue Car ,2002.0
Tomcats ,2001.0
Whale Rider ,2002.0
Enough ,2002.0
eXistenZ ,1999.0
Luminarias ,1999.0
Cargo ,2017.0
Heartbreakers ,2001.0
Army of Darkness ,1992.0
Wristcutters: A Love Story ,2006.0
Bringing Down the House ,2003.0
Slackers ,2002.0
High School Musical ,2006.0
Paul Blart: Mall Cop 2 ,2015.0
The Battle of Shaker Heights ,2003.0
Wayne's World ,1992.0
Night Watch ,2004.0
The Visual Bible: The Gospel of John ,2003.0
Angel Eyes ,2001.0
Jackass 3D ,2010.0
The Act of Killing ,2012.0
The Crying Game ,1992.0
The Guru ,2002.0
Jaws 2 ,1978.0
Joe Somebody ,2001.0
Taxi to the Dark Side ,2007.0
Porky's ,1981.0
The Perez Family ,1995.0
Rock Star ,2001.0
Are We There Yet? ,2005.0
Once in a Lifetime: The Extraordinary Story of the New York Cosmos ,2006.0
Survival of the Dead ,2009.0
The Molly Maguires ,1970.0
Tammy ,2014.0
Precious ,2009.0
Antarctica: A Year on Ice ,2013.0
Night of the Living Dead ,1968.0
Copying Beethoven ,2006.0
Wicker Park ,2004.0
The Thing ,1982.0
The Greatest Show on Earth ,1952.0
A Lego Brickumentary ,2014.0
Poltergeist ,1982.0
Switchback ,1997.0
White Chicks ,2004.0
Chocolate: Deep Dark Secrets ,2005.0
Maggie ,
Brighton Rock ,2010.0
Holes ,2003.0
Texas Rangers ,2001.0
The House of the Devil ,2009.0
Hansel & Gretel Get Baked ,2013.0
LOL ,2012.0
The Last Song ,2010.0
The Master ,2012.0
The Perfect Host ,2010.0
The Return of the Living Dead ,1985.0
Jindabyne ,2006.0
Drumline ,2002.0
We're the Millers ,2013.0
Safe Men ,1998.0
The Front Page ,1974.0
An Ideal Husband ,1999.0
Madea's Witness Protection ,2012.0
Speedway Junky ,1999.0
Trapeze ,1956.0
Obitaemyy ostrov ,2008.0
The Last Days on Mars ,2013.0
Return to Never Land ,2002.0
16 to Life ,2009.0
Breakdown ,1997.0
They Live ,1988.0
Darkness ,2022.0
Selma ,
Alone with Her ,2006.0
The Wash ,2001.0
Hot Tub Time Machine ,2010.0
Boogeyman ,2023.0
2001: A Space Odyssey ,1968.0
3 Strikes ,2000.0
Snow Falling on Cedars ,1999.0
Creative Control ,2015.0
Premonition ,2007.0
The Blue Butterfly ,2004.0
The Cooler ,2003.0
Isn't She Great ,2000.0
Special ,1999.0
The Tigger Movie ,2000.0
The Orphanage ,2007.0
There Goes My Baby ,1994.0
Space Chimps ,2008.0
The Helix... Loaded ,2005.0
Max ,
A Haunted House 2 ,2014.0
September Dawn ,2007.0
In Her Line of Fire ,2006.0
Head of State ,2003.0
Secretary ,2002.0
Epic Movie ,2007.0
The Jimmy Show ,2014.0
For Greater Glory: The True Story of Cristiada ,2012.0
Spotlight ,2015.0
The Real Cancun ,2003.0
Ip Man 3 ,2015.0
Heli ,2013.0
Lakeview Terrace ,2008.0
La Famille Bélier ,2014.0
Talk Radio ,1988.0
The Blind Side ,2009.0
Karachi se Lahore ,2015.0
Saw III ,2006.0
Waiting for Guffman ,1996.0
How Stella Got Her Groove Back ,1998.0
Trainwreck ,2015.0
Loving Annabelle ,2006.0
Love Stinks ,1999.0
The Purge: Election Year ,2016.0
The Black Hole ,1979.0
Guess Who ,2005.0
Hits ,2024.0
You Kill Me ,2007.0
Saw IV ,2007.0
The American ,2010.0
Sky High ,2005.0
Thumbsucker ,2005.0
Jimmy and Judy ,2006.0
White Noise ,2022.0
Selena ,
Red State ,2011.0
Frat Party ,2009.0
Species ,1995.0
Madea's Family Reunion ,2006.0
Vampires Suck ,2010.0
Mirrormask ,2005.0
Secretariat ,2010.0
Proud ,2018.0
The Mighty Ducks ,1992.0
Team America: World Police ,2004.0
Samsara ,2011.0
Radio ,2003.0
Childless ,2008.0
Jeepers Creepers ,2001.0
Texas Chainsaw 3D ,2013.0
The Barbarians ,1987.0
This Is 40 ,2012.0
ZMD: Zombies of Mass Destruction ,2009.0
Oliver! ,
Zipper ,2015.0
Risen ,2016.0
Underworld: Rise of the Lycans ,2009.0
The Best Exotic Marigold Hotel ,2011.0
Snow White: A Deadly Summer ,2012.0
Poolhall Junkies ,2002.0
Ghost Ship ,2002.0
Must Love Dogs ,2005.0
Recess: School's Out ,2001.0
My Last Day Without You ,2011.0
Shooting Fish ,1997.0
A Very Harold & Kumar 3D Christmas ,2011.0
Commando ,1985.0
The Back-up Plan ,2010.0
Steppin: The Movie ,2009.0
The Debt ,2010.0
Psycho Beach Party ,2000.0
Friday After Next ,2002.0
Truth or Die ,2012.0
The Big Tease ,1999.0
High Fidelity ,2000.0
The Last Dragon ,1985.0
Something Borrowed ,2011.0
"Buen Día, Ramón ",2013.0
The Pet ,1936.0
The Lawnmower Man ,1992.0
One Missed Call ,2008.0
Black Knight ,2001.0
Trust ,2010.0
Bang Bang Baby ,2022.0
Nick and Norah's Infinite Playlist ,2008.0
An Everlasting Piece ,2000.0
Eye for an Eye ,1996.0
Fear Clinic ,2014.0
The Nativity Story ,2006.0
The Banger Sisters ,2002.0
Among Giants ,1998.0
Nancy Drew ,2019.0
House of Wax ,2005.0
Twilight Zone: The Movie ,1983.0
Mondays in the Sun ,2002.0
Zombie Hunter ,2013.0
Daybreakers ,2009.0
Mirrors ,2008.0
Road House ,2024.0
Stake Land ,2010.0
A Fine Step ,2014.0
Stay Alive ,2006.0
Queen of the Damned ,2002.0
Futuro Beach ,2014.0
Banshee Chapter ,2013.0
A Low Down Dirty Shame ,1994.0
Alpha and Omega ,2010.0
Flash Gordon ,1980.0
A Lonely Place to Die ,2011.0
Swimfan ,2002.0
Ask Me Anything ,2014.0
The Covenant ,2023.0
The Geographer Drank His Globe Away ,2013.0
Jersey Girl ,2004.0
Employee of the Month ,2006.0
And Then Came Love ,2007.0
Inescapable ,2003.0
Alex Cross ,2012.0
Nerve ,2016.0
Food Chains ,2014.0
Can't Hardly Wait ,1998.0
Hell's Angels ,1930.0
My Best Friend's Girl ,2008.0
Nanny McPhee Returns ,2010.0
L!fe Happens ,2011.0
The Dead Zone ,1983.0
Purple Violets ,2007.0
Hoffa ,1992.0
Georgia Rule ,2007.0
"4 Months, 3 Weeks and 2 Days ",2018.0
The Veil ,2024.0
Sinister 2 ,2015.0
The X Files: I Want to Believe ,2008.0
Under the Rainbow ,1981.0
The Horror Network Vol. 1 ,2015.0
How to Fall in Love ,2012.0
Abduction ,2011.0
Simon Birch ,1998.0
Sparkle ,2012.0
The Perfect Wave ,2014.0
Hard Candy ,2005.0
Valiant ,2005.0
School for Scoundrels ,2006.0
Valentine ,2001.0
A Man for All Seasons ,1966.0
The Quiet ,2005.0
Superhero Movie ,2008.0
Silent Hill: Revelation 3D ,2013.0
Sugar Hill ,1993.0
Desert Dancer ,2014.0
Broken City ,2013.0
Fruitvale Station ,2013.0
Pooh's Heffalump Movie ,2005.0
Annie Get Your Gun ,1950.0
Invasion U.S.A. ,1985.0
Cursed ,2021.0
The Brass Teapot ,2012.0
Kung Fu Hustle ,2004.0
Skyline ,2010.0
House of Sand ,2003.0
Hot Pursuit ,2015.0
The Kite Runner ,2007.0
Defendor ,2009.0
The Second Best Exotic Marigold Hotel ,2015.0
The Hammer ,2023.0
Bait ,2012.0
Paparazzi ,2004.0
The Pirate ,1948.0
Kit Kittredge: An American Girl ,2008.0
Elza ,
Flight of the Intruder ,1991.0
The Good Heart ,2009.0
A Guy Thing ,2003.0
The Perfect Man ,2005.0
Walk Hard: The Dewey Cox Story ,2007.0
1982 ,2013.0
Midnight Cowboy ,1969.0
Loser ,2000.0
Kung Pow: Enter the Fist ,2002.0
American Outlaws ,2001.0
Airplane! ,1980.0
Disaster Movie ,2008.0
"For a Good Time, Call... ",2012.0
Tremors ,1990.0
Friday ,1995.0
Time Changer ,2002.0
Lockout ,2012.0
Whiteout ,2009.0
The Corruptor ,1999.0
Menace II Society ,1993.0
London to Brighton ,2006.0
Knock Off ,1998.0
Reno 911!: Miami ,2007.0
In Cold Blood ,1967.0
Envy ,2004.0
American Hero ,1981.0
The Nun's Story ,1959.0
One Direction: This Is Us ,2013.0
Sabotage ,2014.0
One Night with the King ,2006.0
Windsor Drive ,2015.0
Undisputed ,2002.0
Hey Arnold! The Movie ,2017.0
Harper ,
Warriors of Virtue ,1997.0
A Separation ,2011.0
The Witch ,2015.0
Love Jones ,1997.0
Ghost Town ,2008.0
A Good Year ,2006.0
Welcome to the Dollhouse ,1995.0
I Got the Hook Up ,1998.0
End of the Spear ,2005.0
12 Rounds ,2009.0
Smilla's Sense of Snow ,1997.0
She's the One ,1996.0
Ruby in Paradise ,1993.0
Office Space ,1999.0
Femme Fatale ,2002.0
3 Ninjas Kick Back ,1994.0
The Secret in Their Eyes ,2009.0
Raising Victor Vargas ,2002.0
Body Double ,1984.0
Day of the Dead ,1985.0
Death Sentence ,2007.0
Lion of the Desert ,1980.0
Harrison Montgomery ,2008.0
MacGruber ,2010.0
Pootie Tang ,2001.0
Superbabies: Baby Geniuses 2 ,2004.0
Ride with the Devil ,1999.0
Live-In Maid ,2004.0
Sharknado ,2013.0
Dirty Pretty Things ,2002.0
Black Water Transit ,2009.0
The Man ,
La otra conquista ,1998.0
Over Her Dead Body ,2008.0
Deterrence ,1999.0
The Maze Runner ,2014.0
Trollhunter ,2010.0
Code Name: The Cleaner ,2007.0
American History X ,1998.0
Unfinished Business ,2015.0
Ira & Abby ,2006.0
The Mudge Boy ,2003.0
Connie and Carla ,2004.0
The Collection ,2012.0
The Masked Saint ,2016.0
Chill Factor ,1999.0
Not Cool ,2014.0
Sweet Charity ,1969.0
Teacher's Pet ,1958.0
The Betrayed ,2008.0
The Longest Ride ,2015.0
Dead Snow ,2009.0
Inherent Vice ,2014.0
The Red Violin ,1998.0
Taxman ,1998.0
I Dreamed of Africa ,2000.0
Doogal ,2006.0
Saints and Soldiers ,2003.0
2:13 ,2009.0
The Straight Story ,1999.0
Mandela: Long Walk to Freedom ,2013.0
Battle of the Year ,2013.0
Time to Choose ,2015.0
Iraq for Sale: The War Profiteers ,2006.0
Bad Words ,2013.0
Big Momma's House ,2000.0
Dawn Patrol ,2014.0
An American Carol ,2008.0
Safety Not Guaranteed ,2012.0
Heartbeeps ,1981.0
Thunder and the House of Magic ,2013.0
Lords of London ,2014.0
Willard ,
Black or White ,2014.0
Kill List ,2011.0
High Anxiety ,1977.0
The Darkest Hour ,2011.0
Strange Wilderness ,2008.0
On the Line ,2022.0
The Innkeepers ,2011.0
Choke ,2008.0
Little Boy ,2015.0
The Punisher ,2017.0
I Am Love ,2009.0
City of God ,2002.0
Interview with the Assassin ,2002.0
Atlas Shrugged II: The Strike ,2012.0
Human Traffic ,1999.0
Birth ,2004.0
Goal! The Dream Begins ,2005.0
Donkey Punch ,2008.0
Day One ,2024.0
The Limey ,1999.0
Doomsday ,2008.0
A Most Violent Year ,2014.0
All the Boys Love Mandy Lane ,2006.0
The Hunt ,2012.0
The House of Mirth ,2000.0
Snow Dogs ,2002.0
Passchendaele ,2008.0
Bled ,2009.0
A Christmas Story ,1983.0
Malone ,
High Noon ,1952.0
Nacho Libre ,2006.0
Flash of Genius ,2008.0
Bella ,
Peaceful Warrior ,2006.0
L.I.E. ,2009.0
Bridesmaids ,2011.0
Class of 1984 ,1982.0
The Brothers Bloom ,2008.0
Bucky Larson: Born to Be a Star ,2011.0
The Sisterhood of Night ,2014.0
The Opposite Sex ,1956.0
Stigmata ,1999.0
Bon voyage ,2003.0
Bamboozled ,2000.0
Dreaming of Joseph Lees ,1999.0
Naturally Native ,1998.0
Can't Stop the Music ,1980.0
The Forest ,2017.0
Maria Full of Grace ,2004.0
Hav Plenty ,1998.0
The Proposition ,2005.0
Sphinx ,2024.0
Adulterers ,2015.0
Beginners ,2010.0
"Big Mommas: Like Father, Like Son ",2011.0
Marci X ,2003.0
A Better Life ,2011.0
Goldfinger ,1964.0
Starsuckers ,2009.0
Alive ,1993.0
The Children of Huang Shi ,2008.0
Spider ,2023.0
Antiviral ,2012.0
The Hadza: Last of the First ,2014.0
The Young and Prodigious T.S. Spivet ,2013.0
The Oogieloves in the Big Balloon Adventure ,2012.0
Cecil B. DeMented ,2000.0
The Original Kings of Comedy ,2000.0
After ,2019.0
Dreamer: Inspired by a True Story ,2005.0
Rapa Nui ,1994.0
The Brothers Solomon ,2007.0
Paranormal Activity 2 ,2010.0
Walter ,
Laws of Attraction ,2004.0
Swept Away ,2002.0
Dylan Dog: Dead of Night ,2010.0
Waking Ned Devine ,1998.0
Top Hat ,1935.0
Repo Men ,2010.0
"War, Inc. ",2008.0
Three Kingdoms: Resurrection of the Dragon ,2008.0
A Nightmare on Elm Street 2: Freddy's Revenge ,1985.0
The Blair Witch Project ,1999.0
Dragon Wars: D-War ,2007.0
Shaolin Soccer ,2001.0
Dwegons and Leprechauns ,2014.0
A Room with a View ,1985.0
Mercy Streets ,2000.0
The Good German ,2006.0
The Swindle ,1955.0
The Purge ,2013.0
A Cinderella Story ,2004.0
Arnolds Park ,2007.0
Imaginary Heroes ,2004.0
George and the Dragon ,2004.0
Sinister ,2012.0
Scream ,1996.0
Broken Vessels ,1998.0
Martin Lawrence Live: Runteldat ,2002.0
High Heels and Low Lifes ,2001.0
Going the Distance ,2010.0
They Will Have to Kill Us First ,2015.0
Thir13en Ghosts ,2001.0
Severance ,2022.0
Cat on a Hot Tin Roof ,1958.0
Mr. Holland's Opus ,1995.0
Crop Circles: Quest for Truth ,2002.0
The Shining ,1980.0
Beneath the Planet of the Apes ,1970.0
Edmond ,2005.0
Moonraker ,1979.0
Light from the Darkroom ,2014.0
Back to the Future ,1985.0
Pokémon 3: The Movie ,2000.0
"Cinco de Mayo, La Batalla ",2013.0
Arachnophobia ,1990.0
The Maid's Room ,2013.0
Jason Lives: Friday the 13th Part VI ,1986.0
Elsa & Fred ,2014.0
House on Haunted Hill ,1999.0
Get Shorty ,1995.0
A Hard Day's Night ,1964.0
Spaced Invaders ,1990.0
I Can Do Bad All by Myself ,2009.0
An Alan Smithee Film: Burn Hollywood Burn ,1997.0
Chicago ,2012.0
The Apartment ,1960.0
The Harvest/La Cosecha ,2011.0
The Good Guy ,2009.0
Fight Valley ,2016.0
Jason Goes to Hell: The Final Friday ,1993.0
The Hunt for Red October ,1990.0
Julija in alfa Romeo ,2015.0
Motherhood ,2009.0
The Switch ,2010.0
Dodgeball: A True Underdog Story ,2004.0
Krush Groove ,1985.0
Strangerland ,2015.0
Just Married ,2003.0
Next Day Air ,2009.0
The Addams Family ,1991.0
Blonde Ambition ,2007.0
Thomas and the Magic Railroad ,2000.0
Elmer Gantry ,1960.0
Faith Connections ,2013.0
Ace Ventura: When Nature Calls ,1995.0
The Oxford Murders ,2008.0
Red River ,1948.0
The Crazies ,2010.0
Benji ,2018.0
The First Wives Club ,1996.0
White Noise 2: The Light ,2007.0
Phat Girlz ,2006.0
The Book Thief ,2013.0
Open Water ,2003.0
Hannah Montana: The Movie ,2009.0
Before Midnight ,2013.0
You Got Served: Beat the World ,2011.0
Sex Drive ,2008.0
Kingdom of the Spiders ,1977.0
Rugrats in Paris: The Movie ,2000.0
Teen Wolf Too ,1987.0
Jungle Shuffle ,2014.0
The Nutcracker ,2018.0
To Save a Life ,2009.0
Phantasm II ,1988.0
The Prince of Tides ,1991.0
Of Horses and Men ,1968.0
Land of the Dead ,2005.0
Beyond the Mat ,1999.0
Real Women Have Curves ,2002.0
Warm Bodies ,2013.0
Neighbors ,2014.0
It's a Wonderful Afterlife ,2010.0
The Singles Ward ,2002.0
East Is East ,1999.0
Down to Earth ,2001.0
The Mask ,1994.0
The Devil's Tomb ,2009.0
Osama ,2003.0
Babe ,1995.0
Borat: Cultural Learnings of America for Make Benefit Glorious Nation of Kazakhstan ,2006.0
Partition ,2007.0
Sholem Aleichem: Laughing in the Darkness ,2011.0
Whipped ,2000.0
Four Brothers ,2005.0
The Exorcism of Emily Rose ,2005.0
Groove ,2000.0
Good Intentions ,
Kama Sutra: A Tale of Love ,1996.0
Hope Floats ,1998.0
Deuce Bigalow: Male Gigolo ,1999.0
Willy Wonka & the Chocolate Factory ,1971.0
The R.M. ,2003.0
"The Good, the Bad, the Weird ",2017.0
Without a Paddle ,2004.0
The Family Stone ,2005.0
Nurse 3D ,2013.0
Twin Falls Idaho ,1999.0
Warlock: The Armageddon ,1993.0
Like Mike ,2002.0
Barbershop 2: Back in Business ,2004.0
8 Heads in a Duffel Bag ,1997.0
Gunless ,2010.0
Mean Creek ,2004.0
Bad Santa ,2003.0
A View to a Kill ,1985.0
Days of Heaven ,1978.0
The Lost City ,2022.0
My Big Fat Greek Wedding 2 ,2016.0
Hurricane Streets ,1997.0
The Curse of the Were-Rabbit ,2005.0
Tsotsi ,2005.0
Next Friday ,2000.0
Diary of a Wimpy Kid: Rodrick Rules ,2011.0
Civil Brand ,2002.0
Letters to Juliet ,2010.0
You Only Live Twice ,1967.0
DysFunktional Family ,2003.0
Predator ,1987.0
Deceptive Practice: The Mysteries and Mentors of Ricky Jay ,2012.0
Black Rain ,1989.0
Amour ,2012.0
Oldboy ,2003.0
Under the Tuscan Sun ,2003.0
Blue Crush ,2002.0
The Other Dream Team ,2012.0
Letters to God ,2010.0
Poltergeist III ,1988.0
Spy Hard ,1996.0
Rubber ,2010.0
30 Days of Night ,2007.0
Hobo with a Shotgun ,2011.0
Re-Kill ,2015.0
Catch-22 ,2019.0
Meet the Spartans ,2008.0
Kiss the Bride ,2011.0
Compadres ,2016.0
Heavy Metal ,1981.0
Observe and Report ,2009.0
Freeway ,1996.0
The Running Man ,1987.0
Monsters ,2023.0
Conan the Destroyer ,1984.0
Into the Grizzly Maze ,2015.0
Hanna ,
Love's Abiding Joy ,2006.0
The Living Wake ,2007.0
Red Dog ,2011.0
Young Sherlock Holmes ,1985.0
Tim and Eric's Billion Dollar Movie ,2012.0
Mortal Kombat: Annihilation ,1997.0
Alien ,1979.0
Fame ,
Detention of the Dead ,2012.0
Summer Storm ,2004.0
Take the Lead ,2006.0
The Texas Chain Saw Massacre ,1974.0
Fort McCoy ,2011.0
Crazy Stone ,2006.0
Center Stage ,2000.0
What's the Worst That Could Happen? ,2001.0
Thunderball ,1965.0
Chain Letter ,2010.0
Scott Walker: 30 Century Man ,2006.0
"I Love You, Beth Cooper ",2009.0
Set It Off ,1996.0
Demonic ,2021.0
Everything Put Together ,2000.0
9 ,2018.0
The Legend of the Lone Ranger ,1981.0
My Big Fat Independent Movie ,2005.0
The Best Man ,2023.0
Insomnia Manica ,2005.0
Blow Out ,1981.0
The Deported ,2009.0
Winnie the Pooh ,2024.0
Child's Play ,1988.0
The Outrageous Sophie Tucker ,2014.0
Tanner Hall ,2009.0
Getaway ,1994.0
Harold & Kumar Go to White Castle ,2004.0
Dumb and Dumberer: When Harry Met Lloyd ,2003.0
Girls Gone Dead ,2012.0
Open Road ,2009.0
The Ice Storm ,1997.0
Black Christmas ,1974.0
Get on Up ,2014.0
Enter Nowhere ,2011.0
30 Nights of Paranormal Activity with the Devil Inside the Girl with the Dragon Tattoo ,2013.0
And So It Goes ,2014.0
Henry V ,1989.0
My Super Ex-Girlfriend ,2006.0
The King of Najayo ,2019.0
Point Blank ,1967.0
Troop Beverly Hills ,1989.0
Little Black Book ,2004.0
The Way of the Gun ,2000.0
Four Single Fathers ,2009.0
Fight to the Finish ,2009.0
Being Julia ,2004.0
Igby Goes Down ,2002.0
Something Wicked ,2014.0
Alleluia! The Devil's Carnival ,2016.0
9½ Weeks ,1986.0
Mr 3000 ,2004.0
The Ice Pirates ,1984.0
AWOL-72 ,2015.0
Rodeo Girl ,2016.0
Dragonslayer ,1981.0
Assault on Precinct 13 ,1976.0
Iguana ,1964.0
Gracie ,
Born to Fly: Elizabeth Streb vs. Gravity ,2014.0
The Last Station ,2009.0
Splice ,2009.0
Chicago Overcoat ,2009.0
Trust the Man ,2005.0
The Little Ponderosa Zoo ,2017.0
Mongol: The Rise of Genghis Khan ,2007.0
Howard the Duck ,1986.0
Hamlet 2 ,2008.0
The Toxic Avenger ,2023.0
Megaforce ,1982.0
Pride and Glory ,2008.0
Hamlet ,1996.0
Straight Out of Brooklyn ,1991.0
Princess Kaiulani ,2009.0
The Cave ,2005.0
Central Station ,1998.0
The White Ribbon ,2009.0
Opal Dream ,2006.0
Diamond Ruff ,2015.0
Close Range ,1986.0
Alex & Emma ,2003.0
Flame and Citron ,2008.0
Boynton Beach Club ,2005.0
The Wraith ,1986.0
Poultrygeist: Night of the Chicken Dead ,2006.0
Fright Night ,1985.0
Amnesiac ,2014.0
Undiscovered ,1991.0
The Salton Sea ,2002.0
Wing Commander ,1999.0
Mutual Friends ,2008.0
Freakonomics ,2010.0
Crocodile Dundee ,1986.0
The Informers ,2008.0
42nd Street ,1933.0
Dragonball: Evolution ,2009.0
High Tension ,2003.0
The I Inside ,2004.0
I Come with the Rain ,2009.0
Rise of the Entrepreneur: The Search for a Better Way ,2014.0
Unnatural ,2015.0
The Last Stand ,2013.0
One Man's Hero ,1999.0
Beneath Hill 60 ,2010.0
Hustle & Flow ,2005.0
Metropolitan ,1989.0
Hoodwinked Too! Hood vs. Evil ,2011.0
I Am Wrath ,2016.0
The Rose ,1986.0
Some Like It Hot ,1959.0
Antitrust ,2001.0
As It Is in Heaven ,
Renaissance ,1994.0
Barbarella ,1968.0
Friday the 13th Part VII: The New Blood ,1988.0
Miss Potter ,2006.0
Napoleon Dynamite ,2004.0
Shipwrecked ,1990.0
Red Sonja ,1985.0
The Promise ,2016.0
Blue Ruin ,2013.0
The Wizard of Oz ,1939.0
Glitter ,2001.0
Step Up 2: The Streets ,2008.0
DOA: Dead or Alive ,2006.0
Paranormal Activity ,2007.0
Young Frankenstein ,1974.0
The Haunting in Connecticut 2: Ghosts of Georgia ,2013.0
Hitman ,2007.0
Diary of the Dead ,2007.0
1911 ,2011.0
Silmido ,2003.0
Monty Python and the Holy Grail ,1975.0
Black Nativity ,2013.0
Ulee's Gold ,1997.0
All Is Lost ,2013.0
The Color of Freedom ,2019.0
Quinceañera ,2006.0
The Black Stallion ,1979.0
City of Ghosts ,2002.0
Limbo ,2023.0
Sardaar Ji ,2015.0
Gory Gory Hallelujah ,2003.0
United Passions ,2014.0
The Others ,2001.0
The Dress ,2015.0
Valley of the Wolves: Iraq ,2006.0
Grace of Monaco ,2014.0
Tarnation ,2003.0
A Guy Named Joe ,1943.0
Club Dread ,2004.0
Let's Be Cops ,2014.0
I Want Your Money ,2010.0
Blazing Saddles ,1974.0
A Warrior's Tail ,2015.0
Stand by Me ,1986.0
Good Boy! ,2022.0
Friday the 13th: The Final Chapter ,1984.0
Ripley's Game ,2002.0
Love in the Time of Monsters ,2014.0
28 Days Later... ,2002.0
The Best Man Holiday ,2013.0
Maurice ,1987.0
Walk the Line ,2005.0
Beer League ,2006.0
Saw 3D: The Final Chapter ,2017.0
Brown Sugar ,2002.0
The Beyond ,2012.0
Keeping the Faith ,2000.0
Timecrimes ,2007.0
40 Days and 40 Nights ,2002.0
A Thin Line Between Love and Hate ,1996.0
What Happens in Vegas ,2008.0
Silver Medallist ,2009.0
The Borrowers ,1997.0
The Hills Have Eyes ,2006.0
Shutter ,2010.0
The Dark Hours ,2005.0
Timber Falls ,2007.0
Confessions of a Dangerous Mind ,2002.0
Dickie Roberts: Former Child Star ,2003.0
That Awkward Moment ,2014.0
My Beautiful Laundrette ,1985.0
Singin' in the Rain ,1952.0
Seed of Chucky ,2004.0
"McFarland, USA ",2015.0
Modern Problems ,1981.0
"Fat, Sick & Nearly Dead ",2010.0
The Jacket ,2005.0
Show Me ,1998.0
Summer Catch ,2001.0
On Her Majesty's Secret Service ,1969.0
A Haunted House ,2013.0
The Rugrats Movie ,1998.0
A Simple Plan ,1998.0
Cries & Whispers ,1972.0
New Nightmare ,1994.0
2016: Obama's America ,2012.0
Role Models ,2008.0
They ,
Drive Me Crazy ,1999.0
Halloween II ,1981.0
Intolerance: Love's Struggle Throughout the Ages ,1916.0
Taking Woodstock ,2009.0
Larry the Cable Guy: Health Inspector ,2006.0
Half Baked ,1998.0
Halloween III: Season of the Witch ,1982.0
Trekkies ,1997.0
Miracle ,2004.0
Escape from the Planet of the Apes ,1971.0
Bon Cop Bad Cop ,2006.0
The Adventures of Elmo in Grouchland ,1999.0
The Broadway Melody ,1929.0
The City of Your Final Destination ,2009.0
Hud ,1963.0
55 Days at Peking ,1963.0
Harlock: Space Pirate ,2013.0
The Evil Dead ,1981.0
Evil Dead ,2023.0
Kevin Hart: Let Me Explain ,2013.0
Enough Said ,2013.0
Identity ,2003.0
Maniac ,2018.0
Garden State ,2004.0
My Life in Ruins ,2009.0
For Your Eyes Only ,1981.0
Shadow of the Vampire ,2000.0
Censored Voices ,2015.0
Before Sunrise ,1995.0
Superman IV: The Quest for Peace ,1987.0
Serendipity ,2001.0
Prom ,2011.0
Murderball ,2005.0
Sur le seuil ,2003.0
Shanghai Surprise ,1986.0
The Pallbearer ,1996.0
Timecop ,1994.0
Jesus' Son ,1999.0
American Ninja 2: The Confrontation ,1987.0
Roar ,2022.0
Held Up ,1999.0
Robot & Frank ,2012.0
Hocus Pocus ,1993.0
Southland Tales ,2006.0
Rotor DR1 ,2015.0
Woman on Top ,2000.0
My Life Without Me ,2003.0
No Reservations ,2007.0
Dragon Hunters ,2008.0
Anomalisa ,2015.0
12 Angry Men ,1957.0
Religulous ,2008.0
30 Minutes or Less ,2011.0
Damnation Alley ,1977.0
8 Women ,2002.0
Fuel ,2008.0
Tumbleweeds ,1999.0
Pride & Prejudice ,2005.0
Valley of the Heart's Delight ,2006.0
Showdown in Little Tokyo ,1991.0
The Apparition ,2012.0
When the Cat's Away ,1929.0
3 Days to Kill ,2014.0
Eye of the Dolphin ,2006.0
Clay Pigeons ,1998.0
Pieces of April ,2003.0
Wall Street ,2013.0
Just My Luck ,2006.0
8: The Mormon Proposition ,2010.0
It's Kind of a Funny Story ,2010.0
Old Joy ,2006.0
Sydney White ,2007.0
The Other End of the Line ,2007.0
"Mystery, Alaska ",1999.0
Prefontaine ,1997.0
Wendy and Lucy ,2008.0
Anatomy ,2005.0
House of Sand and Fog ,2003.0
The Spy Next Door ,2010.0
The Wicked Lady ,1983.0
3 Backyards ,2010.0
Sleep Dealer ,2008.0
A Simple Wish ,1997.0
Dumb & Dumber ,1994.0
The Secret of Kells ,2009.0
Christmas Mail ,2010.0
Pierrot le Fou ,1965.0
Our Brand Is Crisis ,2015.0
When Harry Met Sally... ,1989.0
Begin Again ,2013.0
Stung ,2015.0
Ayurveda: Art of Being ,2001.0
How to Lose Friends & Alienate People ,2008.0
The Verdict ,1982.0
Brooklyn Rules ,2007.0
Antibirth ,2016.0
Octopussy ,1983.0
Nothing But a Man ,1964.0
Road Trip ,2000.0
Fido ,2006.0
Get on the Bus ,1996.0
My Sister's Keeper ,2009.0
"First Love, Last Rites ",1997.0
The Artist ,2011.0
Thr3e ,2006.0
Pathology ,2008.0
"Welcome Home, Roscoe Jenkins ",2008.0
Fighting Tommy Riley ,2004.0
The Young Messiah ,2016.0
10th & Wolf ,2006.0
The Rise of the Krays ,2015.0
Notes on a Scandal ,2006.0
Royal Kill ,2024.0
Dear Wendy ,2005.0
This Is England ,2006.0
The Master of Disguise ,2002.0
Divine Secrets of the Ya-Ya Sisterhood ,2002.0
Locker 13 ,2014.0
Aloft ,2014.0
Alien Uprising ,2012.0
Pan's Labyrinth ,2006.0
About a Boy ,2002.0
Anderson's Cross ,2010.0
The Rocket: The Legend of Rocket Richard ,2009.0
Bathing Beauty ,1944.0
See Spot Run ,2001.0
Lake Placid ,1999.0
Bizarre ,2012.0
Go for It! ,1983.0
Imagine Me & You ,2005.0
Baby Boy ,2001.0
The NeverEnding Story ,1984.0
Graduation Day ,1981.0
Show Boat ,1951.0
Joe Dirt ,2001.0
Mr. Church ,2016.0
Return to Oz ,1985.0
Some Guy Who Kills People ,2011.0
Fantasia ,1940.0
Double Impact ,1991.0
Suspect Zero ,2004.0
The Blood of Heroes ,1989.0
Compliance ,2012.0
8 Days ,1997.0
The Women ,2008.0
Code of Honor ,2016.0
Martian Child ,2007.0
Friday the 13th Part III ,1982.0
Lovely & Amazing ,2001.0
Soul Food ,1997.0
White Oleander ,2002.0
Formula 51 ,2001.0
Friday the 13th: A New Beginning ,1985.0
Death Calls ,2010.0
Rumble in the Bronx ,1995.0
The Last Sin Eater ,2007.0
Mindhunters ,2004.0
How to Deal ,2003.0
The Incredibly True Adventure of Two Girls in Love ,1995.0
Hostel: Part II ,2007.0
Impact Point ,2008.0
The Statement ,2003.0
The Thirteenth Floor ,1999.0
Chuck & Buck ,2000.0
The Valley of Decision ,1945.0
The Hotel New Hampshire ,1984.0
The Magic Flute ,2022.0
Meteor ,1979.0
American Desi ,2001.0
Chicken Tikka Masala ,2005.0
Paul Blart: Mall Cop ,2009.0
Narc ,2002.0
Duets ,2000.0
Amidst the Devil's Wings ,2014.0
Jack Brooks: Monster Slayer ,2007.0
Shakespeare in Love ,1998.0
Men with Brooms ,2002.0
Detroit Rock City ,1999.0
Cube ,1997.0
Elling ,2001.0
Witless Protection ,2008.0
Highlander ,
Love and Other Catastrophes ,1996.0
Mi America ,2015.0
Kindergarten Cop ,1990.0
Things We Lost in the Fire ,2007.0
The Work and the Glory ,2004.0
[Rec] ,2007.0
I Married a Strange Person! ,1997.0
Ever After: A Cinderella Story ,1998.0
Steel ,2013.0
Alias Betty ,2001.0
Lies in Plain Sight ,2010.0
Red Eye ,2005.0
November ,2017.0
The White Countess ,2005.0
Sharkskin ,2015.0
Code 46 ,2003.0
Teeth and Blood ,2015.0
Final Destination 2 ,2003.0
The Timber ,2015.0
Soul Plane ,2004.0
Black November ,2012.0
Sugar Town ,1999.0
"O Brother, Where Art Thou? ",2000.0
From Russia with Love ,1963.0
Ta Ra Rum Pum ,2007.0
Welcome to the Sticks ,2008.0
The Canyons ,2013.0
The Toxic Avenger Part II ,1989.0
Agent Cody Banks 2: Destination London ,2004.0
Persepolis ,2007.0
Vamps ,2012.0
The Sticky Fingers of Time ,1997.0
It Follows ,2014.0
The Raven ,2012.0
The Hole ,2001.0
The Homesman ,2014.0
The Christmas Bunny ,2010.0
The Legend of Drunken Master ,1994.0
Welcome to Mooseport ,2004.0
Juwanna Mann ,2002.0
The Wave ,2008.0
Boys Don't Cry ,1999.0
UnDivided ,2013.0
Highlander: The Final Dimension ,1994.0
Lilyhammer             ,2012.0
Harry Brown ,2009.0
Silent House ,2011.0
The Frozen ,2024.0
Blood and Wine ,1996.0
The Omega Code ,1999.0
Slow Burn ,2005.0
The Lives of Others ,2014.0
Horse Camp ,2015.0
Snow White: A Tale of Terror ,1997.0
Pound of Flesh ,2015.0
Wasabi ,2001.0
The Hustler ,1961.0
Give Me Shelter ,2014.0
Flipper ,1964.0
Boom Town ,1940.0
Diamonds Are Forever ,1971.0
Beverly Hills Cop ,1984.0
The Constant Gardener ,2005.0
The Triplets of Belleville ,2013.0
The Big Parade ,1925.0
Flashdance ,1983.0
"Crouching Tiger, Hidden Dragon ",2001.0
Smoke Signals ,1998.0
Little Big Top ,2006.0
The Passion of the Christ ,2004.0
The Piano ,1993.0
Twins ,1988.0
Before Sunset ,2004.0
Along the Roadside ,2013.0
Darkness Falls ,2003.0
Private Benjamin ,1980.0
The Best of Me ,2014.0
Amores Perros ,2000.0
Live and Let Die ,1973.0
Western Religion ,2015.0
Thirteen ,2003.0
The Bodyguard ,1992.0
Mama ,2013.0
My Dog Skip ,2000.0
Burn ,
Bad Grandpa ,2013.0
Viy ,1967.0
Alexander's Ragtime Band ,1938.0
Jumping the Broom ,2011.0
Urbania ,2000.0
Me and You and Everyone We Know ,2005.0
The Queen ,
Freddy vs. Jason ,2003.0
Logan's Run ,1976.0
The Stewardesses ,1969.0
We Are Your Friends ,2015.0
When a Stranger Calls ,2006.0
Jimmy Neutron: Boy Genius ,2001.0
"The Beast from 20,000 Fathoms ",1953.0
Action Jackson ,1988.0
Captive ,2019.0
Big Fat Liar ,2002.0
Teenage Mutant Ninja Turtles II: The Secret of the Ooze ,1991.0
She Done Him Wrong ,1933.0
Witchboard ,1986.0
The Descent ,2005.0
The Lizzie McGuire Movie ,2003.0
Ride Along ,2014.0
Short Cut to Nirvana: Kumbh Mela ,2004.0
Devil's Due ,2014.0
Malibu's Most Wanted ,2003.0
"Legally Blonde 2: Red, White & Blonde ",2003.0
Shortbus ,2006.0
Middle of Nowhere ,2008.0
The Devil's Rejects ,2005.0
Waltz with Bashir ,2008.0
Final Destination 3 ,2006.0
Dope ,2015.0
The Business of Fancydancing ,2002.0
The Last House on the Left ,2009.0
"The Book of Mormon Movie, Volume 1: The Journey ",2003.0
The Lucky One ,2012.0
In Too Deep ,1999.0
The Wedding Date ,2005.0
No End in Sight ,2022.0
Call + Response ,2008.0
A Madea Christmas ,2013.0
House of 1000 Corpses ,2003.0
Malevolence ,2003.0
In the Shadow of the Moon ,2019.0
Confessions of a Teenage Drama Queen ,2004.0
Alien Zone ,1978.0
Inside Deep Throat ,2005.0
Shooting the Warwicks ,2015.0
The Object of My Affection ,1998.0
The Virginity Hit ,2010.0
Warlock ,1989.0
Super Hybrid ,2010.0
When the Game Stands Tall ,2014.0
Subway ,1985.0
Beyond the Lights ,2014.0
The Case of the Grinning Cat ,2008.0
Because of Winn-Dixie ,2005.0
Six-String Samurai ,1998.0
Outside Providence ,1999.0
Love & Basketball ,2000.0
The Man from Earth ,2007.0
The Missing Person ,2009.0
Bride & Prejudice ,2004.0
Grosse Pointe Blank ,1997.0
The Trials of Darryl Hunt ,2006.0
Return of the Living Dead III ,1993.0
Rabbit-Proof Fence ,2002.0
Sherrybaby ,2006.0
Book of Shadows: Blair Witch 2 ,2000.0
An American Girl Holiday ,2004.0
Who's Your Caddy? ,2007.0
Gangster's Paradise: Jerusalema ,2008.0
The Craft ,1996.0
Yesterday Was a Lie ,2009.0
Split Second ,1992.0
Freeze Frame ,2004.0
Redbelt ,2008.0
Ramona and Beezus ,2010.0
Theresa Is a Mother ,2012.0
Grave Encounters ,2011.0
Cyrus ,
Archaeology of a Woman ,2012.0
Nowhere to Run ,1993.0
Nine Dead ,2009.0
A Dog of Flanders ,1999.0
"To Be Frank, Sinatra at 100 ",2015.0
Flicka ,
Children of Heaven ,1997.0
Auto Focus ,2002.0
Rockaway ,2017.0
The Hills Have Eyes II ,2007.0
The Mighty Macs ,2009.0
The Lady from Shanghai ,1947.0
Weekend ,1989.0
Urban Legends: Final Cut ,2000.0
March or Die ,1977.0
No Man's Land: The Rise of Reeker ,2008.0
She's Gotta Have It ,2017.0
Tuck Everlasting ,2002.0
Les visiteurs ,1993.0
The Ghastly Love of Johnny X ,2012.0
Butterfly Girl ,2014.0
The Marine ,
Straight A's ,2013.0
Somewhere ,2010.0
The World Is Mine ,2017.0
Keanu ,
A Funny Thing Happened on the Way to the Forum ,1966.0
Chairman of the Board ,1997.0
Another Earth ,2011.0
Disturbing Behavior ,1998.0
The Walking Deceased ,2015.0
The Heart of Me ,2002.0
Sweet Sweetback's Baadasssss Song ,1971.0
The November Man ,2014.0
Northfork ,2003.0
The Extra Man ,2010.0
Perfect Cowboy ,2014.0
The Marine 4: Moving Target ,2015.0
Z Storm ,2014.0
Eye of the Beholder ,1999.0
The Square ,2017.0
Tadpole ,2002.0
One to Another ,2006.0
Once ,2019.0
Firestarter ,1984.0
Twixt ,2011.0
Man on Wire ,2008.0
Snow Queen ,2002.0
The Woman Chaser ,1999.0
Freddy Got Fingered ,2001.0
Brotherly Love ,1995.0
Alpha and Omega 4: The Legend of the Saw Toothed Cave ,2014.0
The Horse Boy ,2022.0
The Pirates Who Don't Do Anything: A VeggieTales Movie ,2008.0
The Last Exorcism ,2010.0
High School Musical 2 ,2007.0
Antarctic Edge: 70° South ,2015.0
Highlander: Endgame ,2000.0
Dr. Strangelove or: How I Learned to Stop Worrying and Love the Bomb ,1964.0
Two Lovers and a Bear ,2016.0
Aroused ,2013.0
Idlewild ,2006.0
El crimen del padre Amaro ,2002.0
Aimee & Jaguar ,1999.0
Whip It ,2009.0
Battle for the Planet of the Apes ,1973.0
Top Spin ,2014.0
The Chumscrubber ,2005.0
Songcatcher ,2000.0
Confidence ,2003.0
An American in Hollywood ,2014.0
Shade ,2003.0
Travelers and Magicians ,2003.0
De-Lovely ,2004.0
The Brain That Sings ,2013.0
"Remember Me, My Love ",2003.0
Sublime ,2022.0
Barney's Great Adventure ,1998.0
Elite Squad ,2007.0
The Blood of My Brother ,2005.0
Independence Daysaster ,2013.0
Home Fries ,1998.0
Annabelle ,
Your Sister's Sister ,2011.0
Dysfunctional Friends ,2012.0
Bran Nue Dae ,2009.0
Here on Earth ,2018.0
Romantic Schemer ,2015.0
Boyz n the Hood ,1991.0
May ,
Raise Your Voice ,2004.0
Une Femme Mariée ,1964.0
La Bamba ,1987.0
Against the Wild ,2013.0
Dark Blue ,2002.0
Dressed to Kill ,1980.0
The Work and the Story ,2003.0
Living Dark: The Story of Ted the Caver ,2013.0
Boat Trip ,2002.0
The Adventures of Huck Finn ,1993.0
The Gallows ,2015.0
Conquest of the Planet of the Apes ,1972.0
In Bruges ,2008.0
Eraserhead ,1977.0
Peeples ,
Go ,2024.0
Over the Hill to the Poorhouse ,1920.0
The In Crowd ,2000.0
In the Bedroom ,2001.0
Friends with Money ,2006.0
Hollywood Shuffle ,1987.0
Three Burials ,2005.0
I Spit on Your Grave ,2010.0
The Andromeda Strain ,1971.0
Penitentiary ,1979.0
Idle Hands ,1999.0
"Happy, Texas ",1999.0
Bats ,1999.0
The Lost Skeleton of Cadavra ,2001.0
Transsiberian ,2008.0
My Summer of Love ,2004.0
Nowhere in Africa ,2001.0
The Lunchbox ,2013.0
"Dude, Where's My Dog?! ",2014.0
The Clan of the Cave Bear ,1986.0
The Work and the Glory II: American Zion ,2005.0
Yes ,2008.0
Indie Game: The Movie ,2012.0
Crazy in Alabama ,1999.0
Aberdeen ,2000.0
From Here to Eternity ,1953.0
District B13 ,2004.0
Tracker ,2024.0
Closure ,2007.0
Foolish ,1999.0
Echo Dr. ,2013.0
The Assassin ,1993.0
Control ,2023.0
Caramel ,2007.0
The Past is a Grotesque Animal ,2014.0
Good Bye Lenin! ,2003.0
Buffalo Soldiers ,1997.0
The Bubble ,2022.0
"Peace, Propaganda & the Promised Land ",2004.0
The Damned United ,2009.0
Mississippi Mermaid ,1969.0
Silent Trigger ,1996.0
Mallrats ,1995.0
Winnie Mandela ,2011.0
Grease ,1978.0
All the Queen's Men ,2021.0
Butch Cassidy and the Sundance Kid ,1969.0
Mary Poppins ,1964.0
The Good Night ,2007.0
Pi ,1998.0
Automata ,2014.0
West Side Story ,2021.0
20 Dates ,1998.0
Dungeons & Dragons: Wrath of the Dragon God ,2005.0
The Wood ,1999.0
Queen Crab ,2015.0
Chiamatemi Francesco - Il Papa della gente ,2015.0
A Nightmare on Elm Street 5: The Dream Child ,1989.0
Super Size Me ,2004.0
Shinjuku Incident ,2009.0
The Wrestler ,2008.0
The FP ,2011.0
Pandaemonium ,2000.0
Duel in the Sun ,1946.0
The Brain That Wouldn't Die ,1962.0
Sarah's Key ,2010.0
Tiger Orange ,2014.0
Best in Show ,2000.0
Freedom ,2023.0
Absentia ,2017.0
Escape from New York ,1981.0
Slumdog Millionaire ,2008.0
The Brothers McMullen ,1995.0
School Daze ,1988.0
Fatal Attraction ,1987.0
Hayride ,2012.0
Crocodile Dundee II ,1988.0
Daddy Day Camp ,2007.0
Counting ,2012.0
Broken Horses ,2015.0
Sliding Doors ,1998.0
The Call of Cthulhu ,2005.0
Cool Runnings ,1993.0
Tales from the Hood ,1995.0
Bending Steel ,2013.0
Stomp the Yard ,2007.0
The Last King of Scotland ,2006.0
The Signal ,2024.0
The Spy Who Loved Me ,1977.0
Halloween 5 ,1989.0
The Image Revolution ,2014.0
Urban Legend ,1998.0
Dolphins and Whales 3D: Tribes of the Ocean ,2008.0
This Is Martin Bonner ,2013.0
White Fang ,1991.0
Pollock ,2000.0
A True Story ,2004.0
Jonah: A VeggieTales Movie ,2002.0
200 Cigarettes ,1999.0
Poetic Justice ,1993.0
George Washington ,1984.0
College ,2021.0
All About the Benjamins ,2002.0
Dawn of the Crescent Moon ,2014.0
Miss March ,2009.0
Hedwig and the Angry Inch ,2001.0
Raymond Did It ,2011.0
Vampire in Brooklyn ,1995.0
"Run, Hide, Die ",2012.0
Only the Strong ,1993.0
Exorcist II: The Heretic ,1977.0
Novocaine ,2025.0
The Legend of God's Gun ,2007.0
An American Haunting ,2005.0
The Wackness ,2008.0
Her Cry: La Llorona Investigation ,2013.0
My Boss's Daughter ,2003.0
Clerks ,1994.0
Beastmaster 2: Through the Portal of Time ,1991.0
Our Family Wedding ,2010.0
Pink Narcissus ,1971.0
The 5th Quarter ,2010.0
Tea with Mussolini ,1999.0
The Greatest ,2024.0
In the Company of Men ,1997.0
Thinner ,1996.0
Snow Flower and the Secret Fan ,2011.0
Crooklyn ,1994.0
Manito ,2002.0
Lucky Break ,2001.0
Jason X ,2001.0
Slacker ,1990.0
11:14 ,2003.0
Head Over Heels ,2001.0
Dutch Kills ,2015.0
Men of War ,1994.0
Fun Size ,2012.0
Dry Spell ,2018.0
Catch a Fire ,2006.0
The Ridges ,2011.0
Soul Survivors ,2001.0
The Puffy Chair ,2005.0
Jefferson in Paris ,1995.0
Stories of Our Lives ,2014.0
Reign of Assassins ,2010.0
Breaking Upwards ,2009.0
The Lucky Ones ,2024.0
All Superheroes Must Die ,2011.0
Flipped ,2010.0
Pink Flamingos ,1972.0
Clueless ,1995.0
Clean ,2021.0
The Sea Inside ,2004.0
The Circle ,2020.0
The Last Godfather ,2010.0
Tin Can Man ,2007.0
Justin Bieber: Never Say Never ,2011.0
The Cure ,2018.0
Save the Last Dance ,2001.0
Sanctuary; Quite a Conundrum ,2012.0
A Nightmare on Elm Street 4: The Dream Master ,1988.0
Primer ,2004.0
Young Guns ,1988.0
Cavite ,2005.0
About Last Night ,1986.0
El Mariachi ,1992.0
The Mongol King ,2005.0
Newlyweds ,2003.0
A Plague So Pleasant ,2013.0
My Date with Drew ,2004.0
